GenerateValuesMethodType,9369,Method
GenerateValuesMethodType_InputArguments,9370,Variable
GenerateValuesEventType,9371,ObjectType
GenerateValuesEventType_EventId,9372,Variable
GenerateValuesEventType_EventType,9373,Variable
GenerateValuesEventType_SourceNode,9374,Variable
GenerateValuesEventType_SourceName,9375,Variable
GenerateValuesEventType_Time,9376,Variable
GenerateValuesEventType_ReceiveTime,9377,Variable
GenerateValuesEventType_LocalTime,9378,Variable
GenerateValuesEventType_Message,9379,Variable
GenerateValuesEventType_Severity,9380,Variable
GenerateValuesEventType_Iterations,9381,Variable
GenerateValuesEventType_NewValueCount,9382,Variable
TestDataObjectType,9383,ObjectType
TestDataObjectType_SimulationActive,9384,Variable
TestDataObjectType_GenerateValues,9385,Method
TestDataObjectType_GenerateValues_InputArguments,9386,Variable
TestDataObjectType_CycleComplete,9387,Object
TestDataObjectType_CycleComplete_EventId,9388,Variable
TestDataObjectType_CycleComplete_EventType,9389,Variable
TestDataObjectType_CycleComplete_SourceNode,9390,Variable
TestDataObjectType_CycleComplete_SourceName,9391,Variable
TestDataObjectType_CycleComplete_Time,9392,Variable
TestDataObjectType_CycleComplete_ReceiveTime,9393,Variable
TestDataObjectType_CycleComplete_LocalTime,9394,Variable
TestDataObjectType_CycleComplete_Message,9395,Variable
TestDataObjectType_CycleComplete_Severity,9396,Variable
TestDataObjectType_CycleComplete_BranchId,9397,Variable
TestDataObjectType_CycleComplete_Retain,9398,Variable
TestDataObjectType_CycleComplete_EnabledState,9399,Variable
TestDataObjectType_CycleComplete_EnabledState_Id,9400,Variable
TestDataObjectType_CycleComplete_EnabledState_Name,9401,Variable
TestDataObjectType_CycleComplete_EnabledState_Number,9402,Variable
TestDataObjectType_CycleComplete_EnabledState_EffectiveDisplayName,9403,Variable
TestDataObjectType_CycleComplete_EnabledState_TransitionTime,9404,Variable
TestDataObjectType_CycleComplete_Quality,9405,Variable
TestDataObjectType_CycleComplete_Quality_SourceTimestamp,9406,Variable
TestDataObjectType_CycleComplete_LastSeverity,9409,Variable
TestDataObjectType_CycleComplete_LastSeverity_SourceTimestamp,9410,Variable
TestDataObjectType_CycleComplete_Comment,9411,Variable
TestDataObjectType_CycleComplete_Comment_SourceTimestamp,9412,Variable
TestDataObjectType_CycleComplete_ClientUserId,9413,Variable
TestDataObjectType_CycleComplete_Enable,9414,Method
TestDataObjectType_CycleComplete_Disable,9415,Method
TestDataObjectType_CycleComplete_AddComment,9416,Method
TestDataObjectType_CycleComplete_AddComment_InputArguments,9417,Variable
TestDataObjectType_CycleComplete_AckedState,9420,Variable
TestDataObjectType_CycleComplete_AckedState_Id,9421,Variable
TestDataObjectType_CycleComplete_AckedState_Name,9422,Variable
TestDataObjectType_CycleComplete_AckedState_Number,9423,Variable
TestDataObjectType_CycleComplete_AckedState_EffectiveDisplayName,9424,Variable
TestDataObjectType_CycleComplete_AckedState_TransitionTime,9425,Variable
TestDataObjectType_CycleComplete_AckedState_TrueState,9426,Variable
TestDataObjectType_CycleComplete_AckedState_FalseState,9427,Variable
TestDataObjectType_CycleComplete_ConfirmedState,9428,Variable
TestDataObjectType_CycleComplete_ConfirmedState_Id,9429,Variable
TestDataObjectType_CycleComplete_ConfirmedState_Name,9430,Variable
TestDataObjectType_CycleComplete_ConfirmedState_Number,9431,Variable
TestDataObjectType_CycleComplete_ConfirmedState_EffectiveDisplayName,9432,Variable
TestDataObjectType_CycleComplete_ConfirmedState_TransitionTime,9433,Variable
TestDataObjectType_CycleComplete_ConfirmedState_TrueState,9434,Variable
TestDataObjectType_CycleComplete_ConfirmedState_FalseState,9435,Variable
TestDataObjectType_CycleComplete_Acknowledge,9436,Method
TestDataObjectType_CycleComplete_Acknowledge_InputArguments,9437,Variable
TestDataObjectType_CycleComplete_Confirm,9438,Method
TestDataObjectType_CycleComplete_Confirm_InputArguments,9439,Variable
ScalarValue1MethodType,9441,Method
ScalarValue1MethodType_InputArguments,9442,Variable
ScalarValue1MethodType_OutputArguments,9443,Variable
ScalarValue2MethodType,9444,Method
ScalarValue2MethodType_InputArguments,9445,Variable
ScalarValue2MethodType_OutputArguments,9446,Variable
ScalarValue3MethodType,9447,Method
ScalarValue3MethodType_InputArguments,9448,Variable
ScalarValue3MethodType_OutputArguments,9449,Variable
ScalarValueObjectType,9450,ObjectType
ScalarValueObjectType_SimulationActive,9451,Variable
ScalarValueObjectType_GenerateValues,9452,Method
ScalarValueObjectType_GenerateValues_InputArguments,9453,Variable
ScalarValueObjectType_CycleComplete,9454,Object
ScalarValueObjectType_CycleComplete_EventId,9455,Variable
ScalarValueObjectType_CycleComplete_EventType,9456,Variable
ScalarValueObjectType_CycleComplete_SourceNode,9457,Variable
ScalarValueObjectType_CycleComplete_SourceName,9458,Variable
ScalarValueObjectType_CycleComplete_Time,9459,Variable
ScalarValueObjectType_CycleComplete_ReceiveTime,9460,Variable
ScalarValueObjectType_CycleComplete_LocalTime,9461,Variable
ScalarValueObjectType_CycleComplete_Message,9462,Variable
ScalarValueObjectType_CycleComplete_Severity,9463,Variable
ScalarValueObjectType_CycleComplete_BranchId,9464,Variable
ScalarValueObjectType_CycleComplete_Retain,9465,Variable
ScalarValueObjectType_CycleComplete_EnabledState,9466,Variable
ScalarValueObjectType_CycleComplete_EnabledState_Id,9467,Variable
ScalarValueObjectType_CycleComplete_EnabledState_Name,9468,Variable
ScalarValueObjectType_CycleComplete_EnabledState_Number,9469,Variable
ScalarValueObjectType_CycleComplete_EnabledState_EffectiveDisplayName,9470,Variable
ScalarValueObjectType_CycleComplete_EnabledState_TransitionTime,9471,Variable
ScalarValueObjectType_CycleComplete_Quality,9472,Variable
ScalarValueObjectType_CycleComplete_Quality_SourceTimestamp,9473,Variable
ScalarValueObjectType_CycleComplete_LastSeverity,9476,Variable
ScalarValueObjectType_CycleComplete_LastSeverity_SourceTimestamp,9477,Variable
ScalarValueObjectType_CycleComplete_Comment,9478,Variable
ScalarValueObjectType_CycleComplete_Comment_SourceTimestamp,9479,Variable
ScalarValueObjectType_CycleComplete_ClientUserId,9480,Variable
ScalarValueObjectType_CycleComplete_Enable,9481,Method
ScalarValueObjectType_CycleComplete_Disable,9482,Method
ScalarValueObjectType_CycleComplete_AddComment,9483,Method
ScalarValueObjectType_CycleComplete_AddComment_InputArguments,9484,Variable
ScalarValueObjectType_CycleComplete_AckedState,9487,Variable
ScalarValueObjectType_CycleComplete_AckedState_Id,9488,Variable
ScalarValueObjectType_CycleComplete_AckedState_Name,9489,Variable
ScalarValueObjectType_CycleComplete_AckedState_Number,9490,Variable
ScalarValueObjectType_CycleComplete_AckedState_EffectiveDisplayName,9491,Variable
ScalarValueObjectType_CycleComplete_AckedState_TransitionTime,9492,Variable
ScalarValueObjectType_CycleComplete_AckedState_TrueState,9493,Variable
ScalarValueObjectType_CycleComplete_AckedState_FalseState,9494,Variable
ScalarValueObjectType_CycleComplete_ConfirmedState,9495,Variable
ScalarValueObjectType_CycleComplete_ConfirmedState_Id,9496,Variable
ScalarValueObjectType_CycleComplete_ConfirmedState_Name,9497,Variable
ScalarValueObjectType_CycleComplete_ConfirmedState_Number,9498,Variable
ScalarValueObjectType_CycleComplete_ConfirmedState_EffectiveDisplayName,9499,Variable
ScalarValueObjectType_CycleComplete_ConfirmedState_TransitionTime,9500,Variable
ScalarValueObjectType_CycleComplete_ConfirmedState_TrueState,9501,Variable
ScalarValueObjectType_CycleComplete_ConfirmedState_FalseState,9502,Variable
ScalarValueObjectType_CycleComplete_Acknowledge,9503,Method
ScalarValueObjectType_CycleComplete_Acknowledge_InputArguments,9504,Variable
ScalarValueObjectType_CycleComplete_Confirm,9505,Method
ScalarValueObjectType_CycleComplete_Confirm_InputArguments,9506,Variable
AnalogScalarValueObjectType,9534,ObjectType
AnalogScalarValueObjectType_SimulationActive,9535,Variable
AnalogScalarValueObjectType_GenerateValues,9536,Method
AnalogScalarValueObjectType_GenerateValues_InputArguments,9537,Variable
AnalogScalarValueObjectType_CycleComplete,9538,Object
AnalogScalarValueObjectType_CycleComplete_EventId,9539,Variable
AnalogScalarValueObjectType_CycleComplete_EventType,9540,Variable
AnalogScalarValueObjectType_CycleComplete_SourceNode,9541,Variable
AnalogScalarValueObjectType_CycleComplete_SourceName,9542,Variable
AnalogScalarValueObjectType_CycleComplete_Time,9543,Variable
AnalogScalarValueObjectType_CycleComplete_ReceiveTime,9544,Variable
AnalogScalarValueObjectType_CycleComplete_LocalTime,9545,Variable
AnalogScalarValueObjectType_CycleComplete_Message,9546,Variable
AnalogScalarValueObjectType_CycleComplete_Severity,9547,Variable
AnalogScalarValueObjectType_CycleComplete_BranchId,9548,Variable
AnalogScalarValueObjectType_CycleComplete_Retain,9549,Variable
AnalogScalarValueObjectType_CycleComplete_EnabledState,9550,Variable
AnalogScalarValueObjectType_CycleComplete_EnabledState_Id,9551,Variable
AnalogScalarValueObjectType_CycleComplete_EnabledState_Name,9552,Variable
AnalogScalarValueObjectType_CycleComplete_EnabledState_Number,9553,Variable
AnalogScalarValueObjectType_CycleComplete_EnabledState_EffectiveDisplayName,9554,Variable
AnalogScalarValueObjectType_CycleComplete_EnabledState_TransitionTime,9555,Variable
AnalogScalarValueObjectType_CycleComplete_Quality,9556,Variable
AnalogScalarValueObjectType_CycleComplete_Quality_SourceTimestamp,9557,Variable
AnalogScalarValueObjectType_CycleComplete_LastSeverity,9560,Variable
AnalogScalarValueObjectType_CycleComplete_LastSeverity_SourceTimestamp,9561,Variable
AnalogScalarValueObjectType_CycleComplete_Comment,9562,Variable
AnalogScalarValueObjectType_CycleComplete_Comment_SourceTimestamp,9563,Variable
AnalogScalarValueObjectType_CycleComplete_ClientUserId,9564,Variable
AnalogScalarValueObjectType_CycleComplete_Enable,9565,Method
AnalogScalarValueObjectType_CycleComplete_Disable,9566,Method
AnalogScalarValueObjectType_CycleComplete_AddComment,9567,Method
AnalogScalarValueObjectType_CycleComplete_AddComment_InputArguments,9568,Variable
AnalogScalarValueObjectType_CycleComplete_AckedState,9571,Variable
AnalogScalarValueObjectType_CycleComplete_AckedState_Id,9572,Variable
AnalogScalarValueObjectType_CycleComplete_AckedState_Name,9573,Variable
AnalogScalarValueObjectType_CycleComplete_AckedState_Number,9574,Variable
AnalogScalarValueObjectType_CycleComplete_AckedState_EffectiveDisplayName,9575,Variable
AnalogScalarValueObjectType_CycleComplete_AckedState_TransitionTime,9576,Variable
AnalogScalarValueObjectType_CycleComplete_AckedState_TrueState,9577,Variable
AnalogScalarValueObjectType_CycleComplete_AckedState_FalseState,9578,Variable
AnalogScalarValueObjectType_CycleComplete_ConfirmedState,9579,Variable
AnalogScalarValueObjectType_CycleComplete_ConfirmedState_Id,9580,Variable
AnalogScalarValueObjectType_CycleComplete_ConfirmedState_Name,9581,Variable
AnalogScalarValueObjectType_CycleComplete_ConfirmedState_Number,9582,Variable
AnalogScalarValueObjectType_CycleComplete_ConfirmedState_EffectiveDisplayName,9583,Variable
AnalogScalarValueObjectType_CycleComplete_ConfirmedState_TransitionTime,9584,Variable
AnalogScalarValueObjectType_CycleComplete_ConfirmedState_TrueState,9585,Variable
AnalogScalarValueObjectType_CycleComplete_ConfirmedState_FalseState,9586,Variable
AnalogScalarValueObjectType_CycleComplete_Acknowledge,9587,Method
AnalogScalarValueObjectType_CycleComplete_Acknowledge_InputArguments,9588,Variable
AnalogScalarValueObjectType_CycleComplete_Confirm,9589,Method
AnalogScalarValueObjectType_CycleComplete_Confirm_InputArguments,9590,Variable
AnalogScalarValueObjectType_SByteValue,9591,Variable
AnalogScalarValueObjectType_SByteValue_Definition,9592,Variable
AnalogScalarValueObjectType_SByteValue_ValuePrecision,9593,Variable
AnalogScalarValueObjectType_SByteValue_EURange,9594,Variable
AnalogScalarValueObjectType_SByteValue_InstrumentRange,9595,Variable
AnalogScalarValueObjectType_SByteValue_EngineeringUnits,9596,Variable
AnalogScalarValueObjectType_ByteValue,9597,Variable
AnalogScalarValueObjectType_ByteValue_Definition,9598,Variable
AnalogScalarValueObjectType_ByteValue_ValuePrecision,9599,Variable
AnalogScalarValueObjectType_ByteValue_EURange,9600,Variable
AnalogScalarValueObjectType_ByteValue_InstrumentRange,9601,Variable
AnalogScalarValueObjectType_ByteValue_EngineeringUnits,9602,Variable
AnalogScalarValueObjectType_Int16Value,9603,Variable
AnalogScalarValueObjectType_Int16Value_Definition,9604,Variable
AnalogScalarValueObjectType_Int16Value_ValuePrecision,9605,Variable
AnalogScalarValueObjectType_Int16Value_EURange,9606,Variable
AnalogScalarValueObjectType_Int16Value_InstrumentRange,9607,Variable
AnalogScalarValueObjectType_Int16Value_EngineeringUnits,9608,Variable
AnalogScalarValueObjectType_UInt16Value,9609,Variable
AnalogScalarValueObjectType_UInt16Value_Definition,9610,Variable
AnalogScalarValueObjectType_UInt16Value_ValuePrecision,9611,Variable
AnalogScalarValueObjectType_UInt16Value_EURange,9612,Variable
AnalogScalarValueObjectType_UInt16Value_InstrumentRange,9613,Variable
AnalogScalarValueObjectType_UInt16Value_EngineeringUnits,9614,Variable
AnalogScalarValueObjectType_Int32Value,9615,Variable
AnalogScalarValueObjectType_Int32Value_Definition,9616,Variable
AnalogScalarValueObjectType_Int32Value_ValuePrecision,9617,Variable
AnalogScalarValueObjectType_Int32Value_EURange,9618,Variable
AnalogScalarValueObjectType_Int32Value_InstrumentRange,9619,Variable
AnalogScalarValueObjectType_Int32Value_EngineeringUnits,9620,Variable
AnalogScalarValueObjectType_UInt32Value,9621,Variable
AnalogScalarValueObjectType_UInt32Value_Definition,9622,Variable
AnalogScalarValueObjectType_UInt32Value_ValuePrecision,9623,Variable
AnalogScalarValueObjectType_UInt32Value_EURange,9624,Variable
AnalogScalarValueObjectType_UInt32Value_InstrumentRange,9625,Variable
AnalogScalarValueObjectType_UInt32Value_EngineeringUnits,9626,Variable
AnalogScalarValueObjectType_Int64Value,9627,Variable
AnalogScalarValueObjectType_Int64Value_Definition,9628,Variable
AnalogScalarValueObjectType_Int64Value_ValuePrecision,9629,Variable
AnalogScalarValueObjectType_Int64Value_EURange,9630,Variable
AnalogScalarValueObjectType_Int64Value_InstrumentRange,9631,Variable
AnalogScalarValueObjectType_Int64Value_EngineeringUnits,9632,Variable
AnalogScalarValueObjectType_UInt64Value,9633,Variable
AnalogScalarValueObjectType_UInt64Value_Definition,9634,Variable
AnalogScalarValueObjectType_UInt64Value_ValuePrecision,9635,Variable
AnalogScalarValueObjectType_UInt64Value_EURange,9636,Variable
AnalogScalarValueObjectType_UInt64Value_InstrumentRange,9637,Variable
AnalogScalarValueObjectType_UInt64Value_EngineeringUnits,9638,Variable
AnalogScalarValueObjectType_FloatValue,9639,Variable
AnalogScalarValueObjectType_FloatValue_Definition,9640,Variable
AnalogScalarValueObjectType_FloatValue_ValuePrecision,9641,Variable
AnalogScalarValueObjectType_FloatValue_EURange,9642,Variable
AnalogScalarValueObjectType_FloatValue_InstrumentRange,9643,Variable
AnalogScalarValueObjectType_FloatValue_EngineeringUnits,9644,Variable
AnalogScalarValueObjectType_DoubleValue,9645,Variable
AnalogScalarValueObjectType_DoubleValue_Definition,9646,Variable
AnalogScalarValueObjectType_DoubleValue_ValuePrecision,9647,Variable
AnalogScalarValueObjectType_DoubleValue_EURange,9648,Variable
AnalogScalarValueObjectType_DoubleValue_InstrumentRange,9649,Variable
AnalogScalarValueObjectType_DoubleValue_EngineeringUnits,9650,Variable
AnalogScalarValueObjectType_NumberValue,9651,Variable
AnalogScalarValueObjectType_NumberValue_Definition,9652,Variable
AnalogScalarValueObjectType_NumberValue_ValuePrecision,9653,Variable
AnalogScalarValueObjectType_NumberValue_EURange,9654,Variable
AnalogScalarValueObjectType_NumberValue_InstrumentRange,9655,Variable
AnalogScalarValueObjectType_NumberValue_EngineeringUnits,9656,Variable
AnalogScalarValueObjectType_IntegerValue,9657,Variable
AnalogScalarValueObjectType_IntegerValue_Definition,9658,Variable
AnalogScalarValueObjectType_IntegerValue_ValuePrecision,9659,Variable
AnalogScalarValueObjectType_IntegerValue_EURange,9660,Variable
AnalogScalarValueObjectType_IntegerValue_InstrumentRange,9661,Variable
AnalogScalarValueObjectType_IntegerValue_EngineeringUnits,9662,Variable
AnalogScalarValueObjectType_UIntegerValue,9663,Variable
AnalogScalarValueObjectType_UIntegerValue_Definition,9664,Variable
AnalogScalarValueObjectType_UIntegerValue_ValuePrecision,9665,Variable
AnalogScalarValueObjectType_UIntegerValue_EURange,9666,Variable
AnalogScalarValueObjectType_UIntegerValue_InstrumentRange,9667,Variable
AnalogScalarValueObjectType_UIntegerValue_EngineeringUnits,9668,Variable
ArrayValueDataType,9669,DataType
ArrayValue1MethodType,9670,Method
ArrayValue1MethodType_InputArguments,9671,Variable
ArrayValue1MethodType_OutputArguments,9672,Variable
ArrayValue2MethodType,9673,Method
ArrayValue2MethodType_InputArguments,9674,Variable
ArrayValue2MethodType_OutputArguments,9675,Variable
ArrayValue3MethodType,9676,Method
ArrayValue3MethodType_InputArguments,9677,Variable
ArrayValue3MethodType_OutputArguments,9678,Variable
ArrayValueObjectType,9679,ObjectType
ArrayValueObjectType_SimulationActive,9680,Variable
ArrayValueObjectType_GenerateValues,9681,Method
ArrayValueObjectType_GenerateValues_InputArguments,9682,Variable
ArrayValueObjectType_CycleComplete,9683,Object
ArrayValueObjectType_CycleComplete_EventId,9684,Variable
ArrayValueObjectType_CycleComplete_EventType,9685,Variable
ArrayValueObjectType_CycleComplete_SourceNode,9686,Variable
ArrayValueObjectType_CycleComplete_SourceName,9687,Variable
ArrayValueObjectType_CycleComplete_Time,9688,Variable
ArrayValueObjectType_CycleComplete_ReceiveTime,9689,Variable
ArrayValueObjectType_CycleComplete_LocalTime,9690,Variable
ArrayValueObjectType_CycleComplete_Message,9691,Variable
ArrayValueObjectType_CycleComplete_Severity,9692,Variable
ArrayValueObjectType_CycleComplete_BranchId,9693,Variable
ArrayValueObjectType_CycleComplete_Retain,9694,Variable
ArrayValueObjectType_CycleComplete_EnabledState,9695,Variable
ArrayValueObjectType_CycleComplete_EnabledState_Id,9696,Variable
ArrayValueObjectType_CycleComplete_EnabledState_Name,9697,Variable
ArrayValueObjectType_CycleComplete_EnabledState_Number,9698,Variable
ArrayValueObjectType_CycleComplete_EnabledState_EffectiveDisplayName,9699,Variable
ArrayValueObjectType_CycleComplete_EnabledState_TransitionTime,9700,Variable
ArrayValueObjectType_CycleComplete_Quality,9701,Variable
ArrayValueObjectType_CycleComplete_Quality_SourceTimestamp,9702,Variable
ArrayValueObjectType_CycleComplete_LastSeverity,9705,Variable
ArrayValueObjectType_CycleComplete_LastSeverity_SourceTimestamp,9706,Variable
ArrayValueObjectType_CycleComplete_Comment,9707,Variable
ArrayValueObjectType_CycleComplete_Comment_SourceTimestamp,9708,Variable
ArrayValueObjectType_CycleComplete_ClientUserId,9709,Variable
ArrayValueObjectType_CycleComplete_Enable,9710,Method
ArrayValueObjectType_CycleComplete_Disable,9711,Method
ArrayValueObjectType_CycleComplete_AddComment,9712,Method
ArrayValueObjectType_CycleComplete_AddComment_InputArguments,9713,Variable
ArrayValueObjectType_CycleComplete_AckedState,9716,Variable
ArrayValueObjectType_CycleComplete_AckedState_Id,9717,Variable
ArrayValueObjectType_CycleComplete_AckedState_Name,9718,Variable
ArrayValueObjectType_CycleComplete_AckedState_Number,9719,Variable
ArrayValueObjectType_CycleComplete_AckedState_EffectiveDisplayName,9720,Variable
ArrayValueObjectType_CycleComplete_AckedState_TransitionTime,9721,Variable
ArrayValueObjectType_CycleComplete_AckedState_TrueState,9722,Variable
ArrayValueObjectType_CycleComplete_AckedState_FalseState,9723,Variable
ArrayValueObjectType_CycleComplete_ConfirmedState,9724,Variable
ArrayValueObjectType_CycleComplete_ConfirmedState_Id,9725,Variable
ArrayValueObjectType_CycleComplete_ConfirmedState_Name,9726,Variable
ArrayValueObjectType_CycleComplete_ConfirmedState_Number,9727,Variable
ArrayValueObjectType_CycleComplete_ConfirmedState_EffectiveDisplayName,9728,Variable
ArrayValueObjectType_CycleComplete_ConfirmedState_TransitionTime,9729,Variable
ArrayValueObjectType_CycleComplete_ConfirmedState_TrueState,9730,Variable
ArrayValueObjectType_CycleComplete_ConfirmedState_FalseState,9731,Variable
ArrayValueObjectType_CycleComplete_Acknowledge,9732,Method
ArrayValueObjectType_CycleComplete_Acknowledge_InputArguments,9733,Variable
ArrayValueObjectType_CycleComplete_Confirm,9734,Method
ArrayValueObjectType_CycleComplete_Confirm_InputArguments,9735,Variable
ArrayValueObjectType_BooleanValue,9736,Variable
ArrayValueObjectType_SByteValue,9737,Variable
ArrayValueObjectType_ByteValue,9738,Variable
ArrayValueObjectType_Int16Value,9739,Variable
ArrayValueObjectType_UInt16Value,9740,Variable
ArrayValueObjectType_Int32Value,9741,Variable
ArrayValueObjectType_UInt32Value,9742,Variable
ArrayValueObjectType_Int64Value,9743,Variable
ArrayValueObjectType_UInt64Value,9744,Variable
ArrayValueObjectType_FloatValue,9745,Variable
ArrayValueObjectType_DoubleValue,9746,Variable
ArrayValueObjectType_StringValue,9747,Variable
ArrayValueObjectType_DateTimeValue,9748,Variable
ArrayValueObjectType_GuidValue,9749,Variable
ArrayValueObjectType_ByteStringValue,9750,Variable
ArrayValueObjectType_XmlElementValue,9751,Variable
ArrayValueObjectType_NodeIdValue,9752,Variable
ArrayValueObjectType_ExpandedNodeIdValue,9753,Variable
ArrayValueObjectType_QualifiedNameValue,9754,Variable
ArrayValueObjectType_LocalizedTextValue,9755,Variable
ArrayValueObjectType_StatusCodeValue,9756,Variable
ArrayValueObjectType_VariantValue,9757,Variable
ArrayValueObjectType_EnumerationValue,9758,Variable
ArrayValueObjectType_StructureValue,9759,Variable
ArrayValueObjectType_NumberValue,9760,Variable
ArrayValueObjectType_IntegerValue,9761,Variable
ArrayValueObjectType_UIntegerValue,9762,Variable
AnalogArrayValueObjectType,9763,ObjectType
AnalogArrayValueObjectType_SimulationActive,9764,Variable
AnalogArrayValueObjectType_GenerateValues,9765,Method
AnalogArrayValueObjectType_GenerateValues_InputArguments,9766,Variable
AnalogArrayValueObjectType_CycleComplete,9767,Object
AnalogArrayValueObjectType_CycleComplete_EventId,9768,Variable
AnalogArrayValueObjectType_CycleComplete_EventType,9769,Variable
AnalogArrayValueObjectType_CycleComplete_SourceNode,9770,Variable
AnalogArrayValueObjectType_CycleComplete_SourceName,9771,Variable
AnalogArrayValueObjectType_CycleComplete_Time,9772,Variable
AnalogArrayValueObjectType_CycleComplete_ReceiveTime,9773,Variable
AnalogArrayValueObjectType_CycleComplete_LocalTime,9774,Variable
AnalogArrayValueObjectType_CycleComplete_Message,9775,Variable
AnalogArrayValueObjectType_CycleComplete_Severity,9776,Variable
AnalogArrayValueObjectType_CycleComplete_BranchId,9777,Variable
AnalogArrayValueObjectType_CycleComplete_Retain,9778,Variable
AnalogArrayValueObjectType_CycleComplete_EnabledState,9779,Variable
AnalogArrayValueObjectType_CycleComplete_EnabledState_Id,9780,Variable
AnalogArrayValueObjectType_CycleComplete_EnabledState_Name,9781,Variable
AnalogArrayValueObjectType_CycleComplete_EnabledState_Number,9782,Variable
AnalogArrayValueObjectType_CycleComplete_EnabledState_EffectiveDisplayName,9783,Variable
AnalogArrayValueObjectType_CycleComplete_EnabledState_TransitionTime,9784,Variable
AnalogArrayValueObjectType_CycleComplete_Quality,9785,Variable
AnalogArrayValueObjectType_CycleComplete_Quality_SourceTimestamp,9786,Variable
AnalogArrayValueObjectType_CycleComplete_LastSeverity,9789,Variable
AnalogArrayValueObjectType_CycleComplete_LastSeverity_SourceTimestamp,9790,Variable
AnalogArrayValueObjectType_CycleComplete_Comment,9791,Variable
AnalogArrayValueObjectType_CycleComplete_Comment_SourceTimestamp,9792,Variable
AnalogArrayValueObjectType_CycleComplete_ClientUserId,9793,Variable
AnalogArrayValueObjectType_CycleComplete_Enable,9794,Method
AnalogArrayValueObjectType_CycleComplete_Disable,9795,Method
AnalogArrayValueObjectType_CycleComplete_AddComment,9796,Method
AnalogArrayValueObjectType_CycleComplete_AddComment_InputArguments,9797,Variable
AnalogArrayValueObjectType_CycleComplete_AckedState,9800,Variable
AnalogArrayValueObjectType_CycleComplete_AckedState_Id,9801,Variable
AnalogArrayValueObjectType_CycleComplete_AckedState_Name,9802,Variable
AnalogArrayValueObjectType_CycleComplete_AckedState_Number,9803,Variable
AnalogArrayValueObjectType_CycleComplete_AckedState_EffectiveDisplayName,9804,Variable
AnalogArrayValueObjectType_CycleComplete_AckedState_TransitionTime,9805,Variable
AnalogArrayValueObjectType_CycleComplete_AckedState_TrueState,9806,Variable
AnalogArrayValueObjectType_CycleComplete_AckedState_FalseState,9807,Variable
AnalogArrayValueObjectType_CycleComplete_ConfirmedState,9808,Variable
AnalogArrayValueObjectType_CycleComplete_ConfirmedState_Id,9809,Variable
AnalogArrayValueObjectType_CycleComplete_ConfirmedState_Name,9810,Variable
AnalogArrayValueObjectType_CycleComplete_ConfirmedState_Number,9811,Variable
AnalogArrayValueObjectType_CycleComplete_ConfirmedState_EffectiveDisplayName,9812,Variable
AnalogArrayValueObjectType_CycleComplete_ConfirmedState_TransitionTime,9813,Variable
AnalogArrayValueObjectType_CycleComplete_ConfirmedState_TrueState,9814,Variable
AnalogArrayValueObjectType_CycleComplete_ConfirmedState_FalseState,9815,Variable
AnalogArrayValueObjectType_CycleComplete_Acknowledge,9816,Method
AnalogArrayValueObjectType_CycleComplete_Acknowledge_InputArguments,9817,Variable
AnalogArrayValueObjectType_CycleComplete_Confirm,9818,Method
AnalogArrayValueObjectType_CycleComplete_Confirm_InputArguments,9819,Variable
AnalogArrayValueObjectType_SByteValue,9820,Variable
AnalogArrayValueObjectType_SByteValue_Definition,9821,Variable
AnalogArrayValueObjectType_SByteValue_ValuePrecision,9822,Variable
AnalogArrayValueObjectType_SByteValue_EURange,9823,Variable
AnalogArrayValueObjectType_SByteValue_InstrumentRange,9824,Variable
AnalogArrayValueObjectType_SByteValue_EngineeringUnits,9825,Variable
AnalogArrayValueObjectType_ByteValue,9826,Variable
AnalogArrayValueObjectType_ByteValue_Definition,9827,Variable
AnalogArrayValueObjectType_ByteValue_ValuePrecision,9828,Variable
AnalogArrayValueObjectType_ByteValue_EURange,9829,Variable
AnalogArrayValueObjectType_ByteValue_InstrumentRange,9830,Variable
AnalogArrayValueObjectType_ByteValue_EngineeringUnits,9831,Variable
AnalogArrayValueObjectType_Int16Value,9832,Variable
AnalogArrayValueObjectType_Int16Value_Definition,9833,Variable
AnalogArrayValueObjectType_Int16Value_ValuePrecision,9834,Variable
AnalogArrayValueObjectType_Int16Value_EURange,9835,Variable
AnalogArrayValueObjectType_Int16Value_InstrumentRange,9836,Variable
AnalogArrayValueObjectType_Int16Value_EngineeringUnits,9837,Variable
AnalogArrayValueObjectType_UInt16Value,9838,Variable
AnalogArrayValueObjectType_UInt16Value_Definition,9839,Variable
AnalogArrayValueObjectType_UInt16Value_ValuePrecision,9840,Variable
AnalogArrayValueObjectType_UInt16Value_EURange,9841,Variable
AnalogArrayValueObjectType_UInt16Value_InstrumentRange,9842,Variable
AnalogArrayValueObjectType_UInt16Value_EngineeringUnits,9843,Variable
AnalogArrayValueObjectType_Int32Value,9844,Variable
AnalogArrayValueObjectType_Int32Value_Definition,9845,Variable
AnalogArrayValueObjectType_Int32Value_ValuePrecision,9846,Variable
AnalogArrayValueObjectType_Int32Value_EURange,9847,Variable
AnalogArrayValueObjectType_Int32Value_InstrumentRange,9848,Variable
AnalogArrayValueObjectType_Int32Value_EngineeringUnits,9849,Variable
AnalogArrayValueObjectType_UInt32Value,9850,Variable
AnalogArrayValueObjectType_UInt32Value_Definition,9851,Variable
AnalogArrayValueObjectType_UInt32Value_ValuePrecision,9852,Variable
AnalogArrayValueObjectType_UInt32Value_EURange,9853,Variable
AnalogArrayValueObjectType_UInt32Value_InstrumentRange,9854,Variable
AnalogArrayValueObjectType_UInt32Value_EngineeringUnits,9855,Variable
AnalogArrayValueObjectType_Int64Value,9856,Variable
AnalogArrayValueObjectType_Int64Value_Definition,9857,Variable
AnalogArrayValueObjectType_Int64Value_ValuePrecision,9858,Variable
AnalogArrayValueObjectType_Int64Value_EURange,9859,Variable
AnalogArrayValueObjectType_Int64Value_InstrumentRange,9860,Variable
AnalogArrayValueObjectType_Int64Value_EngineeringUnits,9861,Variable
AnalogArrayValueObjectType_UInt64Value,9862,Variable
AnalogArrayValueObjectType_UInt64Value_Definition,9863,Variable
AnalogArrayValueObjectType_UInt64Value_ValuePrecision,9864,Variable
AnalogArrayValueObjectType_UInt64Value_EURange,9865,Variable
AnalogArrayValueObjectType_UInt64Value_InstrumentRange,9866,Variable
AnalogArrayValueObjectType_UInt64Value_EngineeringUnits,9867,Variable
AnalogArrayValueObjectType_FloatValue,9868,Variable
AnalogArrayValueObjectType_FloatValue_Definition,9869,Variable
AnalogArrayValueObjectType_FloatValue_ValuePrecision,9870,Variable
AnalogArrayValueObjectType_FloatValue_EURange,9871,Variable
AnalogArrayValueObjectType_FloatValue_InstrumentRange,9872,Variable
AnalogArrayValueObjectType_FloatValue_EngineeringUnits,9873,Variable
AnalogArrayValueObjectType_DoubleValue,9874,Variable
AnalogArrayValueObjectType_DoubleValue_Definition,9875,Variable
AnalogArrayValueObjectType_DoubleValue_ValuePrecision,9876,Variable
AnalogArrayValueObjectType_DoubleValue_EURange,9877,Variable
AnalogArrayValueObjectType_DoubleValue_InstrumentRange,9878,Variable
AnalogArrayValueObjectType_DoubleValue_EngineeringUnits,9879,Variable
AnalogArrayValueObjectType_NumberValue,9880,Variable
AnalogArrayValueObjectType_NumberValue_Definition,9881,Variable
AnalogArrayValueObjectType_NumberValue_ValuePrecision,9882,Variable
AnalogArrayValueObjectType_NumberValue_EURange,9883,Variable
AnalogArrayValueObjectType_NumberValue_InstrumentRange,9884,Variable
AnalogArrayValueObjectType_NumberValue_EngineeringUnits,9885,Variable
AnalogArrayValueObjectType_IntegerValue,9886,Variable
AnalogArrayValueObjectType_IntegerValue_Definition,9887,Variable
AnalogArrayValueObjectType_IntegerValue_ValuePrecision,9888,Variable
AnalogArrayValueObjectType_IntegerValue_EURange,9889,Variable
AnalogArrayValueObjectType_IntegerValue_InstrumentRange,9890,Variable
AnalogArrayValueObjectType_IntegerValue_EngineeringUnits,9891,Variable
AnalogArrayValueObjectType_UIntegerValue,9892,Variable
AnalogArrayValueObjectType_UIntegerValue_Definition,9893,Variable
AnalogArrayValueObjectType_UIntegerValue_ValuePrecision,9894,Variable
AnalogArrayValueObjectType_UIntegerValue_EURange,9895,Variable
AnalogArrayValueObjectType_UIntegerValue_InstrumentRange,9896,Variable
AnalogArrayValueObjectType_UIntegerValue_EngineeringUnits,9897,Variable
BooleanDataType,9898,DataType
SByteDataType,9899,DataType
ByteDataType,9900,DataType
Int16DataType,9901,DataType
UInt16DataType,9902,DataType
Int32DataType,9903,DataType
UInt32DataType,9904,DataType
Int64DataType,9905,DataType
UInt64DataType,9906,DataType
FloatDataType,9907,DataType
DoubleDataType,9908,DataType
StringDataType,9909,DataType
DateTimeDataType,9910,DataType
GuidDataType,9911,DataType
ByteStringDataType,9912,DataType
XmlElementDataType,9913,DataType
NodeIdDataType,9914,DataType
ExpandedNodeIdDataType,9915,DataType
QualifiedNameDataType,9916,DataType
LocalizedTextDataType,9917,DataType
StatusCodeDataType,9918,DataType
VariantDataType,9919,DataType
UserScalarValueDataType,9920,DataType
UserScalarValueObjectType,9921,ObjectType
UserScalarValueObjectType_SimulationActive,9922,Variable
UserScalarValueObjectType_GenerateValues,9923,Method
UserScalarValueObjectType_GenerateValues_InputArguments,9924,Variable
UserScalarValueObjectType_CycleComplete,9925,Object
UserScalarValueObjectType_CycleComplete_EventId,9926,Variable
UserScalarValueObjectType_CycleComplete_EventType,9927,Variable
UserScalarValueObjectType_CycleComplete_SourceNode,9928,Variable
UserScalarValueObjectType_CycleComplete_SourceName,9929,Variable
UserScalarValueObjectType_CycleComplete_Time,9930,Variable
UserScalarValueObjectType_CycleComplete_ReceiveTime,9931,Variable
UserScalarValueObjectType_CycleComplete_LocalTime,9932,Variable
UserScalarValueObjectType_CycleComplete_Message,9933,Variable
UserScalarValueObjectType_CycleComplete_Severity,9934,Variable
UserScalarValueObjectType_CycleComplete_BranchId,9935,Variable
UserScalarValueObjectType_CycleComplete_Retain,9936,Variable
UserScalarValueObjectType_CycleComplete_EnabledState,9937,Variable
UserScalarValueObjectType_CycleComplete_EnabledState_Id,9938,Variable
UserScalarValueObjectType_CycleComplete_EnabledState_Name,9939,Variable
UserScalarValueObjectType_CycleComplete_EnabledState_Number,9940,Variable
UserScalarValueObjectType_CycleComplete_EnabledState_EffectiveDisplayName,9941,Variable
UserScalarValueObjectType_CycleComplete_EnabledState_TransitionTime,9942,Variable
UserScalarValueObjectType_CycleComplete_Quality,9943,Variable
UserScalarValueObjectType_CycleComplete_Quality_SourceTimestamp,9944,Variable
UserScalarValueObjectType_CycleComplete_LastSeverity,9947,Variable
UserScalarValueObjectType_CycleComplete_LastSeverity_SourceTimestamp,9948,Variable
UserScalarValueObjectType_CycleComplete_Comment,9949,Variable
UserScalarValueObjectType_CycleComplete_Comment_SourceTimestamp,9950,Variable
UserScalarValueObjectType_CycleComplete_ClientUserId,9951,Variable
UserScalarValueObjectType_CycleComplete_Enable,9952,Method
UserScalarValueObjectType_CycleComplete_Disable,9953,Method
UserScalarValueObjectType_CycleComplete_AddComment,9954,Method
UserScalarValueObjectType_CycleComplete_AddComment_InputArguments,9955,Variable
UserScalarValueObjectType_CycleComplete_AckedState,9958,Variable
UserScalarValueObjectType_CycleComplete_AckedState_Id,9959,Variable
UserScalarValueObjectType_CycleComplete_AckedState_Name,9960,Variable
UserScalarValueObjectType_CycleComplete_AckedState_Number,9961,Variable
UserScalarValueObjectType_CycleComplete_AckedState_EffectiveDisplayName,9962,Variable
UserScalarValueObjectType_CycleComplete_AckedState_TransitionTime,9963,Variable
UserScalarValueObjectType_CycleComplete_AckedState_TrueState,9964,Variable
UserScalarValueObjectType_CycleComplete_AckedState_FalseState,9965,Variable
UserScalarValueObjectType_CycleComplete_ConfirmedState,9966,Variable
UserScalarValueObjectType_CycleComplete_ConfirmedState_Id,9967,Variable
UserScalarValueObjectType_CycleComplete_ConfirmedState_Name,9968,Variable
UserScalarValueObjectType_CycleComplete_ConfirmedState_Number,9969,Variable
UserScalarValueObjectType_CycleComplete_ConfirmedState_EffectiveDisplayName,9970,Variable
UserScalarValueObjectType_CycleComplete_ConfirmedState_TransitionTime,9971,Variable
UserScalarValueObjectType_CycleComplete_ConfirmedState_TrueState,9972,Variable
UserScalarValueObjectType_CycleComplete_ConfirmedState_FalseState,9973,Variable
UserScalarValueObjectType_CycleComplete_Acknowledge,9974,Method
UserScalarValueObjectType_CycleComplete_Acknowledge_InputArguments,9975,Variable
UserScalarValueObjectType_CycleComplete_Confirm,9976,Method
UserScalarValueObjectType_CycleComplete_Confirm_InputArguments,9977,Variable
UserScalarValueObjectType_BooleanValue,9978,Variable
UserScalarValueObjectType_SByteValue,9979,Variable
UserScalarValueObjectType_ByteValue,9980,Variable
UserScalarValueObjectType_Int16Value,9981,Variable
UserScalarValueObjectType_UInt16Value,9982,Variable
UserScalarValueObjectType_Int32Value,9983,Variable
UserScalarValueObjectType_UInt32Value,9984,Variable
UserScalarValueObjectType_Int64Value,9985,Variable
UserScalarValueObjectType_UInt64Value,9986,Variable
UserScalarValueObjectType_FloatValue,9987,Variable
UserScalarValueObjectType_DoubleValue,9988,Variable
UserScalarValueObjectType_StringValue,9989,Variable
UserScalarValueObjectType_DateTimeValue,9990,Variable
UserScalarValueObjectType_GuidValue,9991,Variable
UserScalarValueObjectType_ByteStringValue,9992,Variable
UserScalarValueObjectType_XmlElementValue,9993,Variable
UserScalarValueObjectType_NodeIdValue,9994,Variable
UserScalarValueObjectType_ExpandedNodeIdValue,9995,Variable
UserScalarValueObjectType_QualifiedNameValue,9996,Variable
UserScalarValueObjectType_LocalizedTextValue,9997,Variable
UserScalarValueObjectType_StatusCodeValue,9998,Variable
UserScalarValueObjectType_VariantValue,9999,Variable
UserScalarValue1MethodType,10000,Method
UserScalarValue1MethodType_InputArguments,10001,Variable
UserScalarValue1MethodType_OutputArguments,10002,Variable
UserScalarValue2MethodType,10003,Method
UserScalarValue2MethodType_InputArguments,10004,Variable
UserScalarValue2MethodType_OutputArguments,10005,Variable
UserArrayValueDataType,10006,DataType
UserArrayValueObjectType,10007,ObjectType
UserArrayValueObjectType_SimulationActive,10008,Variable
UserArrayValueObjectType_GenerateValues,10009,Method
UserArrayValueObjectType_GenerateValues_InputArguments,10010,Variable
UserArrayValueObjectType_CycleComplete,10011,Object
UserArrayValueObjectType_CycleComplete_EventId,10012,Variable
UserArrayValueObjectType_CycleComplete_EventType,10013,Variable
UserArrayValueObjectType_CycleComplete_SourceNode,10014,Variable
UserArrayValueObjectType_CycleComplete_SourceName,10015,Variable
UserArrayValueObjectType_CycleComplete_Time,10016,Variable
UserArrayValueObjectType_CycleComplete_ReceiveTime,10017,Variable
UserArrayValueObjectType_CycleComplete_LocalTime,10018,Variable
UserArrayValueObjectType_CycleComplete_Message,10019,Variable
UserArrayValueObjectType_CycleComplete_Severity,10020,Variable
UserArrayValueObjectType_CycleComplete_BranchId,10021,Variable
UserArrayValueObjectType_CycleComplete_Retain,10022,Variable
UserArrayValueObjectType_CycleComplete_EnabledState,10023,Variable
UserArrayValueObjectType_CycleComplete_EnabledState_Id,10024,Variable
UserArrayValueObjectType_CycleComplete_EnabledState_Name,10025,Variable
UserArrayValueObjectType_CycleComplete_EnabledState_Number,10026,Variable
UserArrayValueObjectType_CycleComplete_EnabledState_EffectiveDisplayName,10027,Variable
UserArrayValueObjectType_CycleComplete_EnabledState_TransitionTime,10028,Variable
UserArrayValueObjectType_CycleComplete_Quality,10029,Variable
UserArrayValueObjectType_CycleComplete_Quality_SourceTimestamp,10030,Variable
UserArrayValueObjectType_CycleComplete_LastSeverity,10033,Variable
UserArrayValueObjectType_CycleComplete_LastSeverity_SourceTimestamp,10034,Variable
UserArrayValueObjectType_CycleComplete_Comment,10035,Variable
UserArrayValueObjectType_CycleComplete_Comment_SourceTimestamp,10036,Variable
UserArrayValueObjectType_CycleComplete_ClientUserId,10037,Variable
UserArrayValueObjectType_CycleComplete_Enable,10038,Method
UserArrayValueObjectType_CycleComplete_Disable,10039,Method
UserArrayValueObjectType_CycleComplete_AddComment,10040,Method
UserArrayValueObjectType_CycleComplete_AddComment_InputArguments,10041,Variable
UserArrayValueObjectType_CycleComplete_AckedState,10044,Variable
UserArrayValueObjectType_CycleComplete_AckedState_Id,10045,Variable
UserArrayValueObjectType_CycleComplete_AckedState_Name,10046,Variable
UserArrayValueObjectType_CycleComplete_AckedState_Number,10047,Variable
UserArrayValueObjectType_CycleComplete_AckedState_EffectiveDisplayName,10048,Variable
UserArrayValueObjectType_CycleComplete_AckedState_TransitionTime,10049,Variable
UserArrayValueObjectType_CycleComplete_AckedState_TrueState,10050,Variable
UserArrayValueObjectType_CycleComplete_AckedState_FalseState,10051,Variable
UserArrayValueObjectType_CycleComplete_ConfirmedState,10052,Variable
UserArrayValueObjectType_CycleComplete_ConfirmedState_Id,10053,Variable
UserArrayValueObjectType_CycleComplete_ConfirmedState_Name,10054,Variable
UserArrayValueObjectType_CycleComplete_ConfirmedState_Number,10055,Variable
UserArrayValueObjectType_CycleComplete_ConfirmedState_EffectiveDisplayName,10056,Variable
UserArrayValueObjectType_CycleComplete_ConfirmedState_TransitionTime,10057,Variable
UserArrayValueObjectType_CycleComplete_ConfirmedState_TrueState,10058,Variable
UserArrayValueObjectType_CycleComplete_ConfirmedState_FalseState,10059,Variable
UserArrayValueObjectType_CycleComplete_Acknowledge,10060,Method
UserArrayValueObjectType_CycleComplete_Acknowledge_InputArguments,10061,Variable
UserArrayValueObjectType_CycleComplete_Confirm,10062,Method
UserArrayValueObjectType_CycleComplete_Confirm_InputArguments,10063,Variable
UserArrayValueObjectType_BooleanValue,10064,Variable
UserArrayValueObjectType_SByteValue,10065,Variable
UserArrayValueObjectType_ByteValue,10066,Variable
UserArrayValueObjectType_Int16Value,10067,Variable
UserArrayValueObjectType_UInt16Value,10068,Variable
UserArrayValueObjectType_Int32Value,10069,Variable
UserArrayValueObjectType_UInt32Value,10070,Variable
UserArrayValueObjectType_Int64Value,10071,Variable
UserArrayValueObjectType_UInt64Value,10072,Variable
UserArrayValueObjectType_FloatValue,10073,Variable
UserArrayValueObjectType_DoubleValue,10074,Variable
UserArrayValueObjectType_StringValue,10075,Variable
UserArrayValueObjectType_DateTimeValue,10076,Variable
UserArrayValueObjectType_GuidValue,10077,Variable
UserArrayValueObjectType_ByteStringValue,10078,Variable
UserArrayValueObjectType_XmlElementValue,10079,Variable
UserArrayValueObjectType_NodeIdValue,10080,Variable
UserArrayValueObjectType_ExpandedNodeIdValue,10081,Variable
UserArrayValueObjectType_QualifiedNameValue,10082,Variable
UserArrayValueObjectType_LocalizedTextValue,10083,Variable
UserArrayValueObjectType_StatusCodeValue,10084,Variable
UserArrayValueObjectType_VariantValue,10085,Variable
UserArrayValue1MethodType,10086,Method
UserArrayValue1MethodType_InputArguments,10087,Variable
UserArrayValue1MethodType_OutputArguments,10088,Variable
UserArrayValue2MethodType,10089,Method
UserArrayValue2MethodType_InputArguments,10090,Variable
UserArrayValue2MethodType_OutputArguments,10091,Variable
MethodTestType,10092,ObjectType
MethodTestType_ScalarMethod1,10093,Method
MethodTestType_ScalarMethod1_InputArguments,10094,Variable
MethodTestType_ScalarMethod1_OutputArguments,10095,Variable
MethodTestType_ScalarMethod2,10096,Method
MethodTestType_ScalarMethod2_InputArguments,10097,Variable
MethodTestType_ScalarMethod2_OutputArguments,10098,Variable
MethodTestType_ScalarMethod3,10099,Method
MethodTestType_ScalarMethod3_InputArguments,10100,Variable
MethodTestType_ScalarMethod3_OutputArguments,10101,Variable
MethodTestType_ArrayMethod1,10102,Method
MethodTestType_ArrayMethod1_InputArguments,10103,Variable
MethodTestType_ArrayMethod1_OutputArguments,10104,Variable
MethodTestType_ArrayMethod2,10105,Method
MethodTestType_ArrayMethod2_InputArguments,10106,Variable
MethodTestType_ArrayMethod2_OutputArguments,10107,Variable
MethodTestType_ArrayMethod3,10108,Method
MethodTestType_ArrayMethod3_InputArguments,10109,Variable
MethodTestType_ArrayMethod3_OutputArguments,10110,Variable
MethodTestType_UserScalarMethod1,10111,Method
MethodTestType_UserScalarMethod1_InputArguments,10112,Variable
MethodTestType_UserScalarMethod1_OutputArguments,10113,Variable
MethodTestType_UserScalarMethod2,10114,Method
MethodTestType_UserScalarMethod2_InputArguments,10115,Variable
MethodTestType_UserScalarMethod2_OutputArguments,10116,Variable
MethodTestType_UserArrayMethod1,10117,Method
MethodTestType_UserArrayMethod1_InputArguments,10118,Variable
MethodTestType_UserArrayMethod1_OutputArguments,10119,Variable
MethodTestType_UserArrayMethod2,10120,Method
MethodTestType_UserArrayMethod2_InputArguments,10121,Variable
MethodTestType_UserArrayMethod2_OutputArguments,10122,Variable
TestSystemConditionType,10123,ObjectType
TestSystemConditionType_EventId,10124,Variable
TestSystemConditionType_EventType,10125,Variable
TestSystemConditionType_SourceNode,10126,Variable
TestSystemConditionType_SourceName,10127,Variable
TestSystemConditionType_Time,10128,Variable
TestSystemConditionType_ReceiveTime,10129,Variable
TestSystemConditionType_LocalTime,10130,Variable
TestSystemConditionType_Message,10131,Variable
TestSystemConditionType_Severity,10132,Variable
TestSystemConditionType_BranchId,10133,Variable
TestSystemConditionType_Retain,10134,Variable
TestSystemConditionType_EnabledState,10135,Variable
TestSystemConditionType_EnabledState_Id,10136,Variable
TestSystemConditionType_EnabledState_Name,10137,Variable
TestSystemConditionType_EnabledState_Number,10138,Variable
TestSystemConditionType_EnabledState_EffectiveDisplayName,10139,Variable
TestSystemConditionType_EnabledState_TransitionTime,10140,Variable
TestSystemConditionType_Quality,10141,Variable
TestSystemConditionType_Quality_SourceTimestamp,10142,Variable
TestSystemConditionType_LastSeverity,10145,Variable
TestSystemConditionType_LastSeverity_SourceTimestamp,10146,Variable
TestSystemConditionType_Comment,10147,Variable
TestSystemConditionType_Comment_SourceTimestamp,10148,Variable
TestSystemConditionType_ClientUserId,10149,Variable
TestSystemConditionType_Enable,10150,Method
TestSystemConditionType_Disable,10151,Method
TestSystemConditionType_AddComment,10152,Method
TestSystemConditionType_AddComment_InputArguments,10153,Variable
TestSystemConditionType_ConditionRefresh,10154,Method
TestSystemConditionType_ConditionRefresh_InputArguments,10155,Variable
TestSystemConditionType_MonitoredNodeCount,10156,Variable
Data,10157,Object
ArrayValueDataType_Encoding_DefaultXml,11419,Object
UserScalarValueDataType_Encoding_DefaultXml,11420,Object
UserArrayValueDataType_Encoding_DefaultXml,11421,Object
TestData_BinarySchema,11422,Variable
TestData_BinarySchema_DataTypeVersion,11423,Variable
TestData_BinarySchema_NamespaceUri,11424,Variable
TestData_BinarySchema_ArrayValueDataType,11428,Variable
TestData_BinarySchema_ArrayValueDataType_DataTypeVersion,11429,Variable
TestData_BinarySchema_ArrayValueDataType_DictionaryFragment,11430,Variable
TestData_BinarySchema_UserScalarValueDataType,11431,Variable
TestData_BinarySchema_UserScalarValueDataType_DataTypeVersion,11432,Variable
TestData_BinarySchema_UserScalarValueDataType_DictionaryFragment,11433,Variable
TestData_BinarySchema_UserArrayValueDataType,11434,Variable
TestData_BinarySchema_UserArrayValueDataType_DataTypeVersion,11435,Variable
TestData_BinarySchema_UserArrayValueDataType_DictionaryFragment,11436,Variable
ArrayValueDataType_Encoding_DefaultBinary,11438,Object
UserScalarValueDataType_Encoding_DefaultBinary,11439,Object
UserArrayValueDataType_Encoding_DefaultBinary,11440,Object
TestData_XmlSchema,11441,Variable
TestData_XmlSchema_DataTypeVersion,11442,Variable
TestData_XmlSchema_NamespaceUri,11443,Variable
TestData_XmlSchema_ArrayValueDataType,11447,Variable
TestData_XmlSchema_ArrayValueDataType_DataTypeVersion,11448,Variable
TestData_XmlSchema_ArrayValueDataType_DictionaryFragment,11449,Variable
TestData_XmlSchema_UserScalarValueDataType,11450,Variable
TestData_XmlSchema_UserScalarValueDataType_DataTypeVersion,11451,Variable
TestData_XmlSchema_UserScalarValueDataType_DictionaryFragment,11452,Variable
TestData_XmlSchema_UserArrayValueDataType,11453,Variable
TestData_XmlSchema_UserArrayValueDataType_DataTypeVersion,11454,Variable
TestData_XmlSchema_UserArrayValueDataType_DictionaryFragment,11455,Variable
TestDataObjectType_CycleComplete_EnabledState_EffectiveTransitionTime,11456,Variable
TestDataObjectType_CycleComplete_EnabledState_TrueState,11457,Variable
TestDataObjectType_CycleComplete_EnabledState_FalseState,11458,Variable
TestDataObjectType_CycleComplete_AckedState_EffectiveTransitionTime,11459,Variable
TestDataObjectType_CycleComplete_ConfirmedState_EffectiveTransitionTime,11460,Variable
ScalarValueObjectType_CycleComplete_EnabledState_EffectiveTransitionTime,11461,Variable
ScalarValueObjectType_CycleComplete_EnabledState_TrueState,11462,Variable
ScalarValueObjectType_CycleComplete_EnabledState_FalseState,11463,Variable
ScalarValueObjectType_CycleComplete_AckedState_EffectiveTransitionTime,11464,Variable
ScalarValueObjectType_CycleComplete_ConfirmedState_EffectiveTransitionTime,11465,Variable
AnalogScalarValueObjectType_CycleComplete_EnabledState_EffectiveTransitionTime,11466,Variable
AnalogScalarValueObjectType_CycleComplete_EnabledState_TrueState,11467,Variable
AnalogScalarValueObjectType_CycleComplete_EnabledState_FalseState,11468,Variable
AnalogScalarValueObjectType_CycleComplete_AckedState_EffectiveTransitionTime,11469,Variable
AnalogScalarValueObjectType_CycleComplete_ConfirmedState_EffectiveTransitionTime,11470,Variable
ArrayValueObjectType_CycleComplete_EnabledState_EffectiveTransitionTime,11471,Variable
ArrayValueObjectType_CycleComplete_EnabledState_TrueState,11472,Variable
ArrayValueObjectType_CycleComplete_EnabledState_FalseState,11473,Variable
ArrayValueObjectType_CycleComplete_AckedState_EffectiveTransitionTime,11474,Variable
ArrayValueObjectType_CycleComplete_ConfirmedState_EffectiveTransitionTime,11475,Variable
AnalogArrayValueObjectType_CycleComplete_EnabledState_EffectiveTransitionTime,11476,Variable
AnalogArrayValueObjectType_CycleComplete_EnabledState_TrueState,11477,Variable
AnalogArrayValueObjectType_CycleComplete_EnabledState_FalseState,11478,Variable
AnalogArrayValueObjectType_CycleComplete_AckedState_EffectiveTransitionTime,11479,Variable
AnalogArrayValueObjectType_CycleComplete_ConfirmedState_EffectiveTransitionTime,11480,Variable
UserScalarValueObjectType_CycleComplete_EnabledState_EffectiveTransitionTime,11481,Variable
UserScalarValueObjectType_CycleComplete_EnabledState_TrueState,11482,Variable
UserScalarValueObjectType_CycleComplete_EnabledState_FalseState,11483,Variable
UserScalarValueObjectType_CycleComplete_AckedState_EffectiveTransitionTime,11484,Variable
UserScalarValueObjectType_CycleComplete_ConfirmedState_EffectiveTransitionTime,11485,Variable
UserArrayValueObjectType_CycleComplete_EnabledState_EffectiveTransitionTime,11486,Variable
UserArrayValueObjectType_CycleComplete_EnabledState_TrueState,11487,Variable
UserArrayValueObjectType_CycleComplete_EnabledState_FalseState,11488,Variable
UserArrayValueObjectType_CycleComplete_AckedState_EffectiveTransitionTime,11489,Variable
UserArrayValueObjectType_CycleComplete_ConfirmedState_EffectiveTransitionTime,11490,Variable
TestSystemConditionType_EnabledState_EffectiveTransitionTime,11491,Variable
TestSystemConditionType_EnabledState_TrueState,11492,Variable
TestSystemConditionType_EnabledState_FalseState,11493,Variable
TestDataObjectType_CycleComplete_ConditionName,11557,Variable
ScalarValueObjectType_CycleComplete_ConditionName,11558,Variable
AnalogScalarValueObjectType_CycleComplete_ConditionName,11559,Variable
ArrayValueObjectType_CycleComplete_ConditionName,11560,Variable
AnalogArrayValueObjectType_CycleComplete_ConditionName,11561,Variable
UserScalarValueObjectType_CycleComplete_ConditionName,11562,Variable
UserArrayValueObjectType_CycleComplete_ConditionName,11563,Variable
TestSystemConditionType_ConditionName,11564,Variable
TestDataObjectType_CycleComplete_ConditionClassId,11578,Variable
TestDataObjectType_CycleComplete_ConditionClassName,11579,Variable
ScalarValueObjectType_CycleComplete_ConditionClassId,11580,Variable
ScalarValueObjectType_CycleComplete_ConditionClassName,11581,Variable
AnalogScalarValueObjectType_CycleComplete_ConditionClassId,11582,Variable
AnalogScalarValueObjectType_CycleComplete_ConditionClassName,11583,Variable
ArrayValueObjectType_CycleComplete_ConditionClassId,11584,Variable
ArrayValueObjectType_CycleComplete_ConditionClassName,11585,Variable
AnalogArrayValueObjectType_CycleComplete_ConditionClassId,11586,Variable
AnalogArrayValueObjectType_CycleComplete_ConditionClassName,11587,Variable
UserScalarValueObjectType_CycleComplete_ConditionClassId,11588,Variable
UserScalarValueObjectType_CycleComplete_ConditionClassName,11589,Variable
UserArrayValueObjectType_CycleComplete_ConditionClassId,11590,Variable
UserArrayValueObjectType_CycleComplete_ConditionClassName,11591,Variable
TestSystemConditionType_ConditionClassId,11592,Variable
TestSystemConditionType_ConditionClassName,11593,Variable
ScalarValueObjectType_BooleanValue,11647,Variable
ScalarValueObjectType_SByteValue,11648,Variable
ScalarValueObjectType_ByteValue,11649,Variable
ScalarValueObjectType_Int16Value,11650,Variable
ScalarValueObjectType_UInt16Value,11651,Variable
ScalarValueObjectType_Int32Value,11652,Variable
ScalarValueObjectType_UInt32Value,11653,Variable
ScalarValueObjectType_Int64Value,11654,Variable
ScalarValueObjectType_UInt64Value,11655,Variable
ScalarValueObjectType_FloatValue,11656,Variable
ScalarValueObjectType_DoubleValue,11657,Variable
ScalarValueObjectType_StringValue,11658,Variable
ScalarValueObjectType_DateTimeValue,11659,Variable
ScalarValueObjectType_GuidValue,11660,Variable
ScalarValueObjectType_ByteStringValue,11661,Variable
ScalarValueObjectType_XmlElementValue,11662,Variable
ScalarValueObjectType_NodeIdValue,11663,Variable
ScalarValueObjectType_ExpandedNodeIdValue,11664,Variable
ScalarValueObjectType_QualifiedNameValue,11665,Variable
ScalarValueObjectType_LocalizedTextValue,11666,Variable
ScalarValueObjectType_StatusCodeValue,11667,Variable
ScalarValueObjectType_VariantValue,11668,Variable
ScalarValueObjectType_EnumerationValue,11669,Variable
ScalarValueObjectType_StructureValue,11670,Variable
ScalarValueObjectType_NumberValue,11671,Variable
ScalarValueObjectType_IntegerValue,11672,Variable
ScalarValueObjectType_UIntegerValue,11673,Variable
MyObjectType,11674,ObjectType
ScalarValueDataType,11749,DataType
ScalarValueDataType_Encoding_DefaultXml,11992,Object
TestData_XmlSchema_ScalarValueDataType,11993,Variable
TestData_XmlSchema_ScalarValueDataType_DataTypeVersion,11994,Variable
TestData_XmlSchema_ScalarValueDataType_DictionaryFragment,11995,Variable
ScalarValueDataType_Encoding_DefaultBinary,11996,Object
TestData_BinarySchema_ScalarValueDataType,11997,Variable
TestData_BinarySchema_ScalarValueDataType_DataTypeVersion,11998,Variable
TestData_BinarySchema_ScalarValueDataType_DictionaryFragment,11999,Variable
MyObjectType_MyValue1,12887,Variable
MyObjectType_MyValue1_Class,12888,Variable
MyObjectType_MyValue1_Place,12889,Variable
MyObjectType_MyValue2,12890,Variable
MyObjectType_MyValue2_Class,12891,Variable
MyObjectType_MyValue2_Place,12892,Variable
Data_MyData1,12893,Object
Data_MyData1_MyValue1,12894,Variable
Data_MyData1_MyValue1_Class,12895,Variable
Data_MyData1_MyValue1_Place,12896,Variable
Data_MyData1_MyValue2,12897,Variable
Data_MyData1_MyValue2_Class,12898,Variable
Data_MyData1_MyValue2_Place,12899,Variable
Data_MyData2,12900,Object
Data_MyData2_MyValue1,12901,Variable
Data_MyData2_MyValue1_Class,12902,Variable
Data_MyData2_MyValue1_Place,12903,Variable
Data_MyData2_MyValue2,12904,Variable
Data_MyData2_MyValue2_Class,12905,Variable
Data_MyData2_MyValue2_Place,12906,Variable
